{"cameraMode":{"drawMode":0,"name":"Shaded","section":"Shading Mode"},"sceneLighting":true,"audioPlay":false,"sceneViewState":{"showFog":false,"showMaterialUpdate":false,"showSkybox":false,"showFlares":false,"showImageEffects":false,"showParticleSystems":false},"in2DMode":false,"pivot":{"x":-0.11770057678222656,"y":0.6159329414367676,"z":0.2925243377685547},"rotation":{"x":-0.1761823147535324,"y":-0.1347869634628296,"z":0.024361401796340944,"w":-0.9747814536094666},"size":662.6744995117188,"orthographic":false}