{"cameraMode":{"drawMode":0,"name":"Shaded","section":"Shading Mode"},"sceneLighting":true,"audioPlay":false,"sceneViewState":{"showFog":false,"showMaterialUpdate":false,"showSkybox":false,"showFlares":false,"showImageEffects":false,"showParticleSystems":false},"in2DMode":false,"pivot":{"x":2.3499999046325685,"y":9.89000129699707,"z":-79.73999786376953},"rotation":{"x":-0.1761823147535324,"y":-0.1347869634628296,"z":0.024361401796340944,"w":-0.9747814536094666},"size":163.88755798339845,"orthographic":false}