{"cameraMode":{"drawMode":0,"name":"Shaded","section":"Shading Mode"},"sceneLighting":false,"audioPlay":false,"sceneViewState":{"showFog":false,"showMaterialUpdate":false,"showSkybox":false,"showFlares":false,"showImageEffects":false,"showParticleSystems":false},"in2DMode":false,"pivot":{"x":0.0,"y":0.7971059679985046,"z":0.015200000256299973},"rotation":{"x":-0.2086649239063263,"y":0.029917996376752855,"z":-0.00638674246147275,"w":-0.9775086641311646},"size":2.945563793182373,"orthographic":false}